NameOfJob,NameOfBusiness,Location,JobType,Salary,Skills,WorkType,Duration,URL
Data Analyst Data Analyst with verification,Adecco,London Area,Data Analyst,0,['sql'],Remote,Full-time,4291247575
Data Analyst Data Analyst with verification,Randstad,London,Data Analyst,52000,"['sql', 'r', 'tableau', 'python']",Hybrid,Contract,4294433923
Data Analyst Data Analyst with verification,Freshminds,Greater London,Data Analyst,0,[],Remote,Contract,4295881977
Data Analyst Data Analyst with verification,Crimson,Birmingham,Data Analyst,0,"['sql', 'machine learning', 'power bi', 'azure', 'tableau']",Hybrid,Full-time,4291793416
Data Analyst Data Analyst with verification,Russell Tobin,"United Kingdom · 2 weeks ago · Over 100 applicants
Promoted by hirer · Actively reviewing applicants",Data Analyst,0,"['sql', 'degree']",Remote,Contract,4289601171
Data Analyst Data Analyst with verification,Formula Recruitment,"United Kingdom · 2 weeks ago · Over 100 applicants
Promoted by hirer · Actively reviewing applicants",Data Analyst,0,"['sql', 'tableau', 'python']",Remote,Contract,4289287633
Data Analyst Data Analyst with verification,Bruin,London Area,Data Analyst,0,[],Hybrid,Full-time,4291451301
Data Analyst Data Analyst with verification,The Masuri Group,Southampton,Data Analyst,0,['degree'],On-site,Full-time,4298175750
Data Analyst Data Analyst with verification,La Fosse,England,Data Analyst,0,[],Remote,Contract,4294591346
Data Analyst Data Analyst with verification,Proximity Recruitment,Northampton,Data Analyst,45000.0,"['sql', 'power bi', 'tableau']",On-site,Full-time,4297835169
Data Analyst Data Analyst with verification,Burns Sheehan,"United Kingdom · 1 week ago · Over 100 applicants
Promoted by hirer · Actively reviewing applicants",Data Analyst,40000.0,"['python', 'degree', 'sql', 'power bi', 'tableau']",Remote,Full-time,4293739717
Data Analyst Data Analyst with verification,All Response Media,London,Data Analyst,0,"['sql', 'r', 'python']",Hybrid,Full-time,4295376347
Data Analyst Data Analyst with verification,Lawhive,London,Data Analyst,0,"['python', 'sql', 'ai', 'power bi', 'tableau']",Hybrid,Full-time,4256759767
Data Analyst Data Analyst with verification,KJ Talent & Partners,London Area,Data Analyst,0,"['sql', 'power bi', 'tableau', 'python']",Hybrid,Full-time,4295673644
Data Analyst Data Analyst with verification,Stanton House,Birmingham,Data Analyst,0,"['sql', 'python']",Hybrid,Full-time,4297162717
Data Analyst Data Analyst with verification,LexisNexis,City Of London,Data Analyst,0,"['python', 'degree', 'sql', 'machine learning', 'tableau']",,Full-time,4297190995
Data Analyst Data Analyst with verification,Dines,Harrow,Data Analyst,0,['sql'],Remote,Full-time,4296479073
Data Analyst Data Analyst with verification,Harrington Starr,London Area,Data Analyst,0,"['python', 'sql', 'power bi', 'r', 'tableau']",Hybrid,Full-time,4288003725
Data Analyst Data Analyst with verification,Hays,Cambridge,Data Analyst,0,"['sql', 'power bi', 'tableau']",Hybrid,Contract,4298194004
Data Analyst Data Analyst with verification,Information Tech Consultants,England,Data Analyst,37500.0,['degree'],On-site,Full-time,4293899138
Data Analyst Data Analyst with verification,Attribution Search,London Area,Data Analyst,45000.0,"['sql', 'degree', 'ai', 'python']",Hybrid,Full-time,4263263567
Data Analyst Data Analyst with verification,3Search,London Area,Data Analyst,45000.0,"['sql', 'ai']",Hybrid,Full-time,4289898286
Data Analyst Data Analyst with verification,Ocado Logistics,Hatfield,Data Analyst,0,"['sql', 'r', 'python']",Hybrid,Full-time,4289287054
Data Analyst Data Analyst with verification,Tradition,London Area,Data Analyst,0,"['degree', 'python', 'sql']",On-site,Full-time,4286798882
Data Analyst Data Analyst with verification,Albany Beck,London Area,Data Analyst,0,['power bi'],Hybrid,Full-time,4289917780
Data Analyst Data Analyst,3Search,London Area,Data Analyst,45000.0,"['sql', 'ai']",Hybrid,Full-time,4289898286
Data Analyst Data Analyst,Ocado Logistics,Hatfield,Data Analyst,0,"['sql', 'r', 'python']",Hybrid,Full-time,4289287054
Data Analyst Data Analyst,Vallum Associates,Sheffield,Data Analyst,0,[],Hybrid,Contract,4294337072
Data Analyst Data Analyst,Formula Recruitment,London Area,Data Analyst,80000.0,"['sql', 'power bi', 'tableau', 'python']",Hybrid,Full-time,4293790909
Data Analyst Data Analyst,Tradition,London Area,Data Analyst,0,"['degree', 'python', 'sql']",On-site,Full-time,4286798882
Data Analyst Data Analyst,Albany Beck,London Area,Data Analyst,0,['power bi'],Hybrid,Full-time,4289917780
Data Analyst Data Analyst,IPS Group,London Area,Data Analyst,60000.0,['power bi'],On-site,Full-time,4294578553
Data Analyst Data Analyst,Ededge Groups,"United Kingdom · 43 minutes ago · 10 applicants
No response insights available yet",Data Analyst,0,"['degree', 'tableau', 'machine learning', 'python']",Remote,Internship,4296748125
Data Analyst Data Analyst,Hireshire,"United Kingdom · 1 day ago · Over 100 people clicked apply
Promoted by hirer · Responses managed off LinkedIn",Data Analyst,0,"['python', 'sql', 'machine learning', 'power bi', 'r', 'tableau']",Remote,Internship,4295891227
Data Analyst Data Analyst,McGregor Boyall,London,Data Analyst,475.0,[],Hybrid,Full-time,4292642114
Data Analyst Data Analyst,Arthur Recruitment,London Area,Data Analyst,31000.0,"['sql', 'power bi', 'degree', 'python']",On-site,Full-time,4297506509
Data Analyst Data Analyst,Franklin Fitch,Liverpool,Data Analyst,0,"['sql', 'power bi', 'azure']",Hybrid,Full-time,4287905179
Data Analyst Data Analyst,Cure Talent,London Area,Data Analyst,65000.0,['sql'],Hybrid,Full-time,4297541007
Data Analyst Data Analyst,Avant Arte,London Area,Data Analyst,0,"['sql', 'tableau', 'python']",Hybrid,Full-time,4288888969
Data Analyst Data Analyst,LexisNexis Legal,London Area,Data Analyst,0,"['python', 'degree', 'sql', 'machine learning', 'tableau']",Remote,Full-time,4295588072
Data Analyst Data Analyst,Oho Group Ltd,Edinburgh,Data Analyst,55000.0,"['sql', 'aws', 'ml', 'python']",Remote,Full-time,4294827000
Data Analyst Data Analyst,Pimlico Enterprises,"United Kingdom · 4 days ago · Over 100 applicants
Promoted by hirer · Actively reviewing applicants",Data Analyst,0,"['sql', 'power bi', 'tableau']",Remote,Part-time,4294484365
Data Analyst Data Analyst,Student Castle,London Area,Data Analyst,0,"['python', 'sql', 'degree', 'power bi', 'tableau']",Hybrid,Full-time,4292194378
Data Analyst Data Analyst,Orbital,England,Data Analyst,45000.0,"['agile', 'python', 'sql', 'degree', 'aws', 'tableau', 'numpy']",Hybrid,Full-time,4298717675
Data Analyst Data Analyst,GTS Group Ltd,Birmingham,Data Analyst,0,"['python', 'degree', 'sql', 'machine learning', 'power bi', 'r']",Hybrid,Full-time,4294389792
Data Analyst Data Analyst,Harnham,London Area,Data Analyst,0,"['sql', 'tableau']",Hybrid,Part-time,4284440796
Data Analyst Data Analyst,The React Hub,London Area,Data Analyst,0,"['sql', 'azure']",Hybrid,Full-time,4281820722
Data Analyst Data Analyst,Y Royalties,Greater London,Data Analyst,0,"['ml', 'degree', 'agile']",On-site,Full-time,4296409934
Data Analyst Data Analyst,SearchWorks,Manchester Area,Data Analyst,0,"['sql', 'python']",Hybrid,Full-time,4297511357
Data Analyst Data Analyst,develop,London Area,Data Analyst,42500.0,"['sql', 'power bi', 'python']",Hybrid,Full-time,4290741835
Junior Software Developer Junior Software Developer with verification,LMAX Group,London,Software Engineer,0,"['docker', 'python', 'mysql']",Hybrid,Full-time,4296406781
Junior Software Developer Junior Software Developer with verification,Sadler Recruitment,Cardiff,Software Engineer,45000.0,"['ai', 'react', 'typescript']",On-site,Full-time,4296202240
Junior Software Developer Junior Software Developer with verification,TheWealthPoint,England,Software Engineer,0,"['python', 'sql', 'tensorflow', 'ci/cd', 'react', 'ai', 'typescript', 'postgresql']",Remote,Full-time,4294473485
Junior Software Developer Junior Software Developer with verification,Velocity Tech,Nottingham,Software Engineer,0,"['aws', 'azure', 'agile', 'python']",Hybrid,Full-time,4294036950
Junior Software Developer Junior Software Developer with verification,Propel,"United Kingdom · 19 hours ago · Over 100 applicants
Promoted by hirer · Company review time is typically 1 week",Software Engineer,0,"['ci/cd', 'react']",Remote,Contract,4298244409
Junior Software Developer Junior Software Developer with verification,Artery Digital,Sheffield,Software Engineer,0,"['css', 'github', 'html']",,Part-time,4288614651
Junior Software Developer Junior Software Developer with verification,Artery Digital,Sheffield,Software Engineer,0,"['css', 'github', 'html']",,Part-time,4288614651
Junior Software Developer Junior Software Developer with verification,Artery Digital,Sheffield,Software Engineer,0,"['css', 'github', 'html']",,Part-time,4288614651
Junior Software Developer Junior Software Developer with verification,Better Placed Ltd - A Sunday Times Top 10 Employer!,Chester,Software Engineer,42500.0,"['aws', 'react', 'typescript']",Hybrid,Full-time,4293747356
Junior Software Developer Junior Software Developer with verification,Humnize,Wetherby,Software Engineer,52500.0,"['css', 'html']",On-site,Full-time,4293180966
Junior Software Developer Junior Software Developer with verification,Durlston Partners,London Area,Software Engineer,240000,"['ml', 'machine learning', 'python', 'ai']",Hybrid,Full-time,4295553458
Junior Software Developer Junior Software Developer with verification,Claimit,London Area,Software Engineer,0,"['ai', 'css', 'html']",Hybrid,Full-time,4294448714
Junior Software Developer Junior Software Developer with verification,Maxwell Bond,Manchester Area,Software Engineer,0,"['html', 'css', 'react', 'typescript']",On-site,Full-time,4296203717
Junior Software Developer Junior Software Developer with verification,Uniting Ambition,Manchester,Software Engineer,0,"['agile', 'sql', 'react', 'typescript', 'css', 'html']",Hybrid,Full-time,4285613989
Junior Software Developer Junior Software Developer with verification,Opus Recruitment Solutions,"United Kingdom · 4 days ago · Over 100 applicants
Promoted by hirer · Actively reviewing applicants",Software Engineer,0,"['azure', 'react', 'typescript']",Remote,Contract,4296089044
Junior Software Developer Junior Software Developer with verification,MRJ Recruitment,Manchester,Software Engineer,0,"['agile', 'react', 'typescript']",Hybrid,Full-time,4294432891
Junior Software Developer Junior Software Developer with verification,Duku AI,London,Software Engineer,0,"['typescript', 'python', 'ai']",On-site,Full-time,4290733967
Junior Software Developer Junior Software Developer with verification,som3 Recruitment ,Liverpool,Software Engineer,0,"['docker', 'python', 'sql', 'ci/cd', 'machine learning', 'ai', 'gitlab', 'html', 'nlp', 'css', 'mysql']",Hybrid,Full-time,4297592609
Junior Software Developer Junior Software Developer with verification,Inara,Manchester Area,Software Engineer,45000.0,"['react', 'typescript']",Hybrid,Full-time,4289264264
Junior Software Developer Junior Software Developer with verification,Burns Sheehan,Manchester Area,Software Engineer,27500.0,"['degree', 'css', 'web development', 'html']",On-site,Full-time,4284406428
Junior Software Developer Junior Software Developer with verification,Infused Solutions,Manchester,Software Engineer,0,['sql'],On-site,Full-time,3908560102
Junior Software Developer Junior Software Developer with verification,LINES,England,Software Engineer,0,"['github', 'react', 'aws', 'typescript', 'html']",Remote,Full-time,4297348099
Junior Software Developer Junior Software Developer with verification,Place.,Greater Bristol Area,Software Engineer,42500.0,"['ci/cd', 'c', 'azure', 'react']",Remote,Full-time,4298263240
Junior Software Developer Junior Software Developer with verification,Urban Digital Recruitment Ltd,"United Kingdom · 1 day ago · Over 100 applicants
Promoted by hirer · Actively reviewing applicants",Software Engineer,85000.0,"['sql', 'react', 'ai', 'typescript', 'postgresql', 'css']",Remote,Full-time,4295583179
Junior Software Developer Junior Software Developer with verification,Digital Waffle,Birmingham,Software Engineer,55000.0,"['aws', 'c', 'react', 'docker']",Hybrid,Full-time,4294032930
Junior Software Developer Junior Software Developer with verification,Digital Waffle,Birmingham,Software Engineer,55000.0,"['aws', 'c', 'react', 'docker']",Hybrid,Full-time,4294032930
Junior Software Developer Junior Software Developer with verification,Digital Waffle,Birmingham,Software Engineer,55000.0,"['aws', 'c', 'react', 'docker']",Hybrid,Full-time,4294032930
Junior Software Developer Junior Software Developer with verification,Digital Waffle,Birmingham,Software Engineer,55000.0,"['aws', 'c', 'react', 'docker']",Hybrid,Full-time,4294032930
Junior Software Developer Junior Software Developer with verification,Digital Waffle,Birmingham,Software Engineer,55000.0,"['aws', 'c', 'react', 'docker']",Hybrid,Full-time,4294032930
Junior Software Developer Junior Software Developer with verification,Digital Waffle,Birmingham,Software Engineer,55000.0,"['aws', 'c', 'react', 'docker']",Hybrid,Full-time,4294032930
Lead Software Engineer Lead Software Engineer,itecopeople,South Yorkshire,Software Engineer,92.5,"['degree', 'typescript']",Hybrid,Contract,4282200936
Lead Software Engineer Lead Software Engineer,Bulb Resourcing,Bath,Software Engineer,50000.0,"['agile', 'react', 'mysql']",Hybrid,Full-time,4295636502
Lead Software Engineer Lead Software Engineer,Maxwell Bond,"United Kingdom · 2 days ago · Over 100 applicants
Promoted by hirer · Actively reviewing applicants",Software Engineer,0,"['aws', 'python']",Remote,Contract,4295546444
Lead Software Engineer Lead Software Engineer,HSBC,Sheffield,Software Engineer,0,"['agile', 'python', 'ci/cd', 'degree', 'gitlab', 'aws', 'docker']",On-site,Contract,4288780716
Lead Software Engineer Lead Software Engineer,Provn,"United Kingdom · 5 days ago · Over 100 applicants
Promoted by hirer · Actively reviewing applicants",Software Engineer,37500.0,[],Remote,Full-time,4296186894
Lead Software Engineer Lead Software Engineer,Hirenza,"United Kingdom · 2 hours ago · 19 people clicked apply
Promoted by hirer · Responses managed off LinkedIn",Software Engineer,0,"['agile', 'sql', 'mysql', 'postgresql', 'docker']",Remote,Full-time,4298700852
Lead Software Engineer Lead Software Engineer,Fynity,Leeds,Software Engineer,41500.0,"['css', 'typescript', 'html']",Hybrid,Full-time,4287105277
Lead Software Engineer Lead Software Engineer,GBV Ltd,Liverpool,Software Engineer,55000.0,"['c', 'sql', 'c#', 'react', 'aws', 'typescript']",Remote,Full-time,4295805315
Lead Software Engineer Lead Software Engineer,Twine,"United Kingdom · 3 hours ago · 16 people clicked apply
Promoted by hirer · Responses managed off LinkedIn",Software Engineer,0,"['html5', 'ai', 'web development', 'css', 'html']",Remote,Contract,4298325340
Lead Software Engineer Lead Software Engineer,Uniting Cloud,Manchester,Software Engineer,50000.0,"['c', 'python', 'sql', 'ci/cd', 'typescript']",Hybrid,Full-time,4296400222
Lead Software Engineer Lead Software Engineer,Accenture,Newcastle Upon Tyne,Software Engineer,0,['agile'],Hybrid,Full-time,4285845598
Lead Software Engineer Lead Software Engineer,Hireshire,Greater London,Software Engineer,0,"['agile', 'github', 'ci/cd', 'python', 'gitlab', 'aws', 'azure', 'docker']",Remote,Internship,4295872789
Lead Software Engineer Lead Software Engineer,ExpenseIn,"United Kingdom · 20 hours ago · Over 100 people clicked apply
Promoted by hirer · Responses managed off LinkedIn",Software Engineer,0,"['agile', 'sql', 'degree', 'react', 'typescript', 'css', 'html']",Remote,Full-time,4298206940
Lead Software Engineer Lead Software Engineer,Lorien,Manchester Area,Software Engineer,62500.0,"['css', 'react', 'html']",Remote,Full-time,4289320800
Lead Software Engineer Lead Software Engineer,ViVA Tech Talent,Cambridge,Software Engineer,0,"['docker', 'python', 'sql', 'degree', 'web development', 'mysql']",Hybrid,Full-time,4297588039
Lead Software Engineer Lead Software Engineer,Caraffi,Bradford,Software Engineer,42500.0,"['agile', 'html5', 'react', 'css', 'html']",Hybrid,Full-time,4296217628
Lead Software Engineer Lead Software Engineer,Heartfelt Technologies Ltd,Cambridge,Software Engineer,35000.0,"['c', 'python', 'degree', 'ai', 'typescript']",On-site,Full-time,4257681445
Lead Software Engineer Lead Software Engineer,Peaple Talent,England,Software Engineer,52500.0,"['aws', 'typescript']",Remote,Full-time,4295894448
Lead Software Engineer Lead Software Engineer,Mytos,London,Software Engineer,0,"['c', 'python', 'react', 'aws', 'web development', 'typescript', 'postgresql']",,Full-time,4294813266
Lead Software Engineer Lead Software Engineer,Insight Global,Birmingham,Software Engineer,0,['aws'],On-site,Contract,4296050097
Lead Software Engineer Lead Software Engineer,Digital Waffle,Birmingham,Software Engineer,90000.0,"['python', 'ci/cd', 'react', 'aws', 'typescript']",Hybrid,Full-time,4296819550
Lead Software Engineer Lead Software Engineer,HartleyCo,"United Kingdom · 1 day ago · Over 100 applicants
Promoted by hirer · Actively reviewing applicants",Software Engineer,70000.0,['react'],Remote,Full-time,4295570916
Lead Software Engineer Lead Software Engineer,Fruition Group,Leeds,Software Engineer,40000,"['degree', 'aws', 'react']",Hybrid,Full-time,4291607556
Lead Software Engineer Lead Software Engineer,Amicus,London Area,Software Engineer,0,"['agile', 'typescript']",Hybrid,Full-time,4294993127
Lead Software Engineer Lead Software Engineer,Trust Wallet,"EMEA · 1 day ago · Over 100 people clicked apply
Promoted by hirer · Responses managed off LinkedIn",Software Engineer,0,"['degree', 'react', 'ai', 'typescript', 'css']",Remote,Full-time,4297814996
Data Analyst Data Analyst with verification,Adecco,London Area,Data Scientist,0,"['sql', 'ai', 'python']",Hybrid,Contract,4294320817
Data Analyst Data Analyst with verification,Coinbase,"United Kingdom · Reposted 5 days ago · Over 100 people clicked apply
Promoted by hirer · Responses managed off LinkedIn",Data Scientist,0,"['ml', 'python', 'sql']",Remote,Full-time,4203588254
Data Analyst Data Analyst with verification,Future,Cardiff,Data Scientist,50000.0,"['sql', 'spark', 'machine learning', 'python']",Hybrid,Full-time,4267462380
Data Analyst Data Analyst with verification,Lumora Solutions,Manchester Area,Data Scientist,62.5,"['sql', 'c', 'machine learning', 'python']",Hybrid,Contract,4298188308
Data Analyst Data Analyst with verification,Russell Tobin,"United Kingdom · 2 weeks ago · Over 100 applicants
Promoted by hirer · Actively reviewing applicants",Data Scientist,0,"['sql', 'degree']",Remote,Contract,4289601171
Data Analyst Data Analyst with verification,Deloitte,London Area,Data Scientist,0,"['python', 'ai', 'r', 'azure', 'numpy']",Hybrid,Contract,4285498356
Data Analyst Data Analyst with verification,Creditsafe,Cardiff,Data Scientist,0,"['ml', 'python', 'degree', 'machine learning', 'aws']",On-site,Full-time,4292163403
Data Analyst Data Analyst with verification,Formula Recruitment,"United Kingdom · 2 weeks ago · Over 100 applicants
Promoted by hirer · Actively reviewing applicants",Data Scientist,0,"['sql', 'tableau', 'python']",Remote,Contract,4289287633
Data Analyst Data Analyst with verification,Aptendo,"EMEA · 2 weeks ago · Over 100 applicants
Promoted by hirer · Actively reviewing applicants",Data Scientist,0,"['ml', 'spark', 'agile', 'docker', 'python', 'sql', 'tensorflow', 'degree', 'machine learning', 'ai', 'aws', 'power bi', 'r', 'mlops', 'azure', 'nlp', 'tableau', 'pytorch']",Remote,Contract,4290139756
Data Analyst Data Analyst with verification,Gopuff,London,Data Scientist,0,"['python', 'sql', 'machine learning', 'power bi', 'tableau']",Hybrid,Full-time,4297294152
Data Analyst Data Analyst with verification,Freshminds,Greater London,Data Scientist,0,[],Remote,Contract,4295881977
Data Analyst Data Analyst with verification,Intellect Group,London Area,Data Scientist,42500.0,"['azure', 'docker', 'python', 'degree', 'sql', 'tensorflow', 'machine learning', 'ai', 'aws', 'pytorch', 'mlops', 'r', 'numpy']",Hybrid,Full-time,4291255053
Data Analyst Data Analyst with verification,Wave Talent,London Area,Data Scientist,77500.0,"['sql', 'machine learning', 'python']",Hybrid,Full-time,4295807651
Data Analyst Data Analyst with verification,Burns Sheehan,"United Kingdom · 1 week ago · Over 100 applicants
Promoted by hirer · Actively reviewing applicants",Data Scientist,40000.0,"['python', 'degree', 'sql', 'power bi', 'tableau']",Remote,Full-time,4294102374
Data Analyst Data Analyst with verification,Inspirec,"United Kingdom · 2 weeks ago · Over 100 applicants
Promoted by hirer · Actively reviewing applicants",Data Scientist,0,"['ml', 'python', 'machine learning', 'ai', 'numpy']",Remote,Contract,4291252662
Data Analyst Data Analyst with verification,Inspirec,"United Kingdom · 2 weeks ago · Over 100 applicants
Promoted by hirer · Actively reviewing applicants",Data Scientist,0,"['ml', 'python', 'machine learning', 'ai', 'numpy']",Remote,Contract,4291252662
Data Analyst Data Analyst with verification,Charlotte Tilbury Beauty,London,Data Scientist,0,"['ml', 'python', 'ci/cd', 'degree', 'machine learning', 'ai', 'aws', 'mlops', 'azure']",Hybrid,Full-time,4297534427
Data Analyst Data Analyst with verification,Charlotte Tilbury Beauty,London,Data Scientist,0,"['ml', 'python', 'ci/cd', 'degree', 'machine learning', 'ai', 'aws', 'mlops', 'azure']",Hybrid,Full-time,4297534427
Data Analyst Data Analyst with verification,Oho Group Ltd,"United Kingdom · 2 weeks ago · Over 100 applicants
Promoted by hirer · Actively reviewing applicants",Data Scientist,65000.0,"['sql', 'aws', 'python']",Remote,Full-time,4291069582
Data Analyst Data Analyst with verification,Radley James,London Area,Data Scientist,0,"['ml', 'python', 'sql', 'tensorflow', 'degree', 'ai', 'pytorch', 'tableau', 'numpy']",On-site,Full-time,4298164714
Data Analyst Data Analyst with verification,Durlston Partners,London Area,Data Scientist,300000.0,"['machine learning', 'ai']",On-site,Full-time,4295322359
Data Analyst Data Analyst with verification,Searchability®,Manchester Area,Data Scientist,65000.0,"['ml', 'python', 'sql', 'machine learning', 'aws']",Hybrid,Full-time,4283385539
Data Analyst Data Analyst with verification,Bruin,London Area,Data Scientist,70000.0,"['sql', 'python']",Hybrid,Full-time,4289640694
Data Analyst Data Analyst with verification,Hexegic,Cambridgeshire,Data Scientist,60000.0,"['agile', 'python']",On-site,Full-time,4296404328
Data Analyst Data Analyst with verification,MarketCast,Reading,Data Scientist,0,"['agile', 'python', 'sql', 'degree', 'machine learning', 'aws', 'tableau']",Hybrid,Full-time,4294632629
Data Analyst Data Analyst with verification,Adecco,London Area,Data Scientist,0,['sql'],Remote,Full-time,4291247575
Data Analyst Data Analyst with verification,Randstad,London,Data Scientist,52000,"['sql', 'r', 'tableau', 'python']",Hybrid,Contract,4294433923
Data Analyst Data Analyst with verification,Cint,London,Data Scientist,0,"['spark', 'python', 'degree', 'sql', 'machine learning']",Remote,Full-time,4282189218
Data Analyst Data Analyst with verification,Russell Tobin,London Area,Data Scientist,0,"['sql', 'degree']",Remote,Contract,4288864142
Data Analyst Data Analyst with verification,GRIT,England,Data Scientist,0,"['ml', 'python', 'degree', 'ai', 'nlp']",Remote,Full-time,4297362967
Data Analyst Data Analyst with verification,Burns Sheehan,"United Kingdom · 1 week ago · Over 100 applicants
Promoted by hirer · Actively reviewing applicants",Data Scientist,40000.0,"['python', 'degree', 'sql', 'power bi', 'tableau']",Remote,Full-time,4293739717
Data Analyst Data Analyst with verification,Formula Recruitment,Manchester Area,Data Scientist,0,"['ml', 'python', 'machine learning', 'aws', 'azure']",Hybrid,Contract,4294110457
Data Analyst Data Analyst with verification,Hunter Bond,London Area,Data Scientist,82500.0,"['sql', 'python']",Hybrid,Full-time,4296265887
Data Analyst Data Analyst with verification,ConnexAI,Manchester,Data Scientist,0,"['python', 'ai']",On-site,Full-time,4287393194
Data Analyst Data Analyst with verification,Radley James,London Area,Data Scientist,0,"['ml', 'python', 'sql', 'ai', 'aws', 'azure', 'nlp', 'tableau']",On-site,Full-time,4294329636
Data Analyst Data Analyst with verification,Crossing Hurdles,"United Kingdom · 1 week ago · Over 100 people clicked apply
Promoted by hirer · Responses managed off LinkedIn",Data Scientist,90.0,"['python', 'degree', 'sql', 'tensorflow', 'machine learning', 'ai', 'r', 'pytorch']",Remote,Contract,4292786659
Data Analyst Data Analyst with verification,Hays,Manchester,Data Scientist,42000.0,"['c', 'python']",On-site,Full-time,4294814765
Data Analyst Data Analyst with verification,Intellect Group,Greater London,Data Scientist,40000.0,"['spark', 'python', 'degree', 'sql', 'tensorflow', 'machine learning', 'ai', 'power bi', 'pytorch', 'aws', 'mlops', 'azure', 'nlp', 'tableau', 'numpy']",On-site,Full-time,4287934112
Data Analyst Data Analyst with verification,Jobgether,"EMEA · Reposted 4 days ago · Over 100 applicants
No response insights available yet",Data Scientist,0,"['ml', 'python', 'degree', 'tensorflow', 'sql', 'machine learning', 'ai', 'aws', 'mlops', 'azure', 'nlp', 'pytorch']",Remote,Full-time,4295196857
Data Analyst Data Analyst with verification,Iceberg,"United Kingdom · 19 hours ago · Over 100 applicants
Promoted by hirer · No response insights available yet",Data Scientist,0,"['ml', 'docker', 'python', 'tensorflow', 'machine learning', 'mlops', 'numpy', 'nlp', 'pytorch']",Remote,Full-time,4296223777
Data Analyst Data Analyst with verification,La Fosse,London Area,Data Scientist,72500.0,"['python', 'tensorflow', 'scikit-learn', 'machine learning', 'aws', 'azure']",Hybrid,Full-time,4294825037
Data Analyst Data Analyst with verification,Shoutt,"United Kingdom · 2 days ago · Over 100 people clicked apply
Promoted by hirer · Responses managed off LinkedIn",Data Scientist,0,"['mlops', 'ml', 'ai']",Remote,Full-time,4297503987
Data Analyst Data Analyst with verification,Pimlico Enterprises,"United Kingdom · 4 days ago · Over 100 applicants
Promoted by hirer · Actively reviewing applicants",Data Scientist,0,"['sql', 'power bi', 'tableau']",Remote,Part-time,4294484365
Data Analyst Data Analyst with verification,McGregor Boyall,England,Data Scientist,65000,"['ml', 'spark', 'docker', 'python', 'tensorflow', 'machine learning', 'ai', 'mlops', 'azure', 'pytorch']",Remote,Full-time,4296304789
Data Analyst Data Analyst with verification,Forbes Advisor,London,Data Scientist,0,"['ml', 'python', 'sql', 'tensorflow', 'ci/cd', 'machine learning', 'ai', 'mlops', 'pytorch']",Remote,Full-time,4297198930
Data Analyst Data Analyst with verification,Nesta,London Area,Data Scientist,57500.0,"['masters', 'github', 'degree', 'python', 'sql', 'machine learning', 'r']",Hybrid,Full-time,4295306880
Data Analyst Data Analyst with verification,Altech Group Ltd,Liverpool,Data Scientist,47500.0,"['python', 'sql', 'ci/cd', 'ai', 'azure']",Hybrid,Full-time,4292760909
Data Analyst Data Analyst with verification,Tradition,London Area,Data Scientist,0,"['degree', 'python', 'sql']",On-site,Full-time,4286798882
Data Analyst Data Analyst with verification,Proximity Recruitment,Northampton,Data Scientist,45000.0,"['sql', 'power bi', 'tableau']",On-site,Full-time,4297835169
Data Analyst Data Analyst with verification,InterEx Group,Greater London,Data Scientist,0,"['spark', 'c', 'python', 'degree', 'sql', 'machine learning', 'tableau']",Hybrid,Full-time,4291765747
